[
  {
    "id": "1",
    "province_id": "1",
    "name": "Sukabumi"
  },
  {
    "id": "2",
    "province_id": "1",
    "name": "Garut"
  },
  {
    "id": "3",
    "province_id": "1",
    "name": "Tasikmalaya"
  },
  {
    "id": "4",
    "province_id": "1",
    "name": "Majalengka"
  },
  {
    "id": "5",
    "province_id": "1",
    "name": "Pangandaran"
  },
  {
    "id": "6",
    "province_id": "1",
    "name": "Kota Tasikmalaya"
  },
  {
    "id": "7",
    "province_id": "1",
    "name": "Bandung Barat"
  },
  {
    "id": "8",
    "province_id": "1",
    "name": "Sumedang"
  },
  {
    "id": "9",
    "province_id": "1",
    "name": "Kota Sukabumi"
  },
  {
    "id": "10",
    "province_id": "1",
    "name": "Kota Bandung"
  },
  {
    "id": "11",
    "province_id": "1",
    "name": "Kota Banjar"
  },
  {
    "id": "12",
    "province_id": "2",
    "name": "Klungkung"
  },
  {
    "id": "13",
    "province_id": "2",
    "name": "Karangasem"
  },
  {
    "id": "14",
    "province_id": "2",
    "name": "Bangli"
  },
  {
    "id": "15",
    "province_id": "2",
    "name": "Tabanan"
  },
  {
    "id": "16",
    "province_id": "2",
    "name": "Badung"
  },
  {
    "id": "17",
    "province_id": "2",
    "name": "Gianyar"
  },
  {
    "id": "18",
    "province_id": "2",
    "name": "Jembrana"
  },
  {
    "id": "19",
    "province_id": "2",
    "name": "Buleleng"
  },
  {
    "id": "20",
    "province_id": "2",
    "name": "Kota Denpasar"
  },
  {
    "id": "21",
    "province_id": "3",
    "name": "Kota Mataram"
  },
  {
    "id": "22",
    "province_id": "3",
    "name": "Sumbawa Barat"
  },
  {
    "id": "23",
    "province_id": "3",
    "name": "Sumbawa"
  },
  {
    "id": "24",
    "province_id": "3",
    "name": "Lombok Tengah"
  },
  {
    "id": "25",
    "province_id": "3",
    "name": "Lombok Timur"
  },
  {
    "id": "26",
    "province_id": "3",
    "name": "Lombok Utara"
  },
  {
    "id": "27",
    "province_id": "3",
    "name": "Lombok Barat"
  },
  {
    "id": "28",
    "province_id": "3",
    "name": "Dompu"
  },
  {
    "id": "29",
    "province_id": "3",
    "name": "Bima"
  },
  {
    "id": "30",
    "province_id": "4",
    "name": "Banyumas"
  },
  {
    "id": "31",
    "province_id": "4",
    "name": "Magelang"
  },
  {
    "id": "32",
    "province_id": "4",
    "name": "Brebes"
  },
  {
    "id": "33",
    "province_id": "4",
    "name": "Klaten"
  },
  {
    "id": "34",
    "province_id": "4",
    "name": "Purworejo"
  },
  {
    "id": "35",
    "province_id": "4",
    "name": "Pekalongan"
  },
  {
    "id": "36",
    "province_id": "4",
    "name": "Semarang"
  },
  {
    "id": "37",
    "province_id": "4",
    "name": "Kebumen"
  },
  {
    "id": "38",
    "province_id": "4",
    "name": "Temanggung"
  },
  {
    "id": "39",
    "province_id": "4",
    "name": "Demak"
  },
  {
    "id": "40",
    "province_id": "4",
    "name": "Kendal"
  },
  {
    "id": "41",
    "province_id": "4",
    "name": "Banjarnegara"
  },
  {
    "id": "42",
    "province_id": "4",
    "name": "Cilacap"
  },
  {
    "id": "43",
    "province_id": "4",
    "name": "Kota Semarang"
  },
  {
    "id": "44",
    "province_id": "4",
    "name": "Boyolali"
  },
  {
    "id": "45",
    "province_id": "4",
    "name": "Tegal"
  },
  {
    "id": "46",
    "province_id": "4",
    "name": "Grobogan"
  },
  {
    "id": "47",
    "province_id": "4",
    "name": "Wonosobo"
  },
  {
    "id": "48",
    "province_id": "4",
    "name": "Kota Salatiga"
  },
  {
    "id": "49",
    "province_id": "4",
    "name": "Kota Magelang"
  },
  {
    "id": "50",
    "province_id": "1",
    "name": "Kuningan"
  },
  {
    "id": "51",
    "province_id": "1",
    "name": "Cianjur"
  },
  {
    "id": "52",
    "province_id": "1",
    "name": "Bandung"
  },
  {
    "id": "53",
    "province_id": "1",
    "name": "Ciamis"
  },
  {
    "id": "54",
    "province_id": "5",
    "name": "Bantul"
  },
  {
    "id": "55",
    "province_id": "5",
    "name": "Kota Yogyakarta"
  },
  {
    "id": "56",
    "province_id": "5",
    "name": "Kulon Progo"
  },
  {
    "id": "57",
    "province_id": "5",
    "name": "Sleman"
  },
  {
    "id": "58",
    "province_id": "5",
    "name": "Gunungkidul"
  },
  {
    "id": "59",
    "province_id": "4",
    "name": "Batang"
  },
  {
    "id": "60",
    "province_id": "4",
    "name": "Pemalang"
  },
  {
    "id": "61",
    "province_id": "4",
    "name": "Purbalingga"
  },
  {
    "id": "62",
    "province_id": "6",
    "name": "Gresik"
  },
  {
    "id": "63",
    "province_id": "6",
    "name": "Kediri"
  },
  {
    "id": "64",
    "province_id": "6",
    "name": "Sumenep"
  },
  {
    "id": "65",
    "province_id": "6",
    "name": "Sampang"
  },
  {
    "id": "66",
    "province_id": "6",
    "name": "Situbondo"
  },
  {
    "id": "67",
    "province_id": "6",
    "name": "Kota Surabaya"
  },
  {
    "id": "68",
    "province_id": "6",
    "name": "Jember"
  },
  {
    "id": "69",
    "province_id": "6",
    "name": "Pamekasan"
  },
  {
    "id": "70",
    "province_id": "6",
    "name": "Jombang"
  },
  {
    "id": "71",
    "province_id": "6",
    "name": "Bangkalan"
  },
  {
    "id": "72",
    "province_id": "6",
    "name": "Banyuwangi"
  },
  {
    "id": "73",
    "province_id": "6",
    "name": "Bondowoso"
  },
  {
    "id": "74",
    "province_id": "6",
    "name": "Pasuruan"
  },
  {
    "id": "75",
    "province_id": "6",
    "name": "Bojonegoro"
  },
  {
    "id": "76",
    "province_id": "6",
    "name": "Probolinggo"
  },
  {
    "id": "77",
    "province_id": "6",
    "name": "Magetan"
  },
  {
    "id": "78",
    "province_id": "6",
    "name": "Lumajang"
  },
  {
    "id": "79",
    "province_id": "6",
    "name": "Malang"
  },
  {
    "id": "80",
    "province_id": "6",
    "name": "Blitar"
  },
  {
    "id": "81",
    "province_id": "6",
    "name": "Sidoarjo"
  },
  {
    "id": "82",
    "province_id": "6",
    "name": "Lamongan"
  },
  {
    "id": "83",
    "province_id": "6",
    "name": "Tulungagung"
  },
  {
    "id": "84",
    "province_id": "6",
    "name": "Pacitan"
  },
  {
    "id": "85",
    "province_id": "6",
    "name": "Mojokerto"
  },
  {
    "id": "86",
    "province_id": "6",
    "name": "Nganjuk"
  },
  {
    "id": "87",
    "province_id": "6",
    "name": "Ponorogo"
  },
  {
    "id": "88",
    "province_id": "6",
    "name": "Ngawi"
  },
  {
    "id": "89",
    "province_id": "6",
    "name": "Madiun"
  },
  {
    "id": "90",
    "province_id": "6",
    "name": "Kota Pasuruan"
  },
  {
    "id": "91",
    "province_id": "6",
    "name": "Kota Mojokerto"
  },
  {
    "id": "92",
    "province_id": "6",
    "name": "Kota Kediri"
  },
  {
    "id": "93",
    "province_id": "6",
    "name": "Trenggalek"
  },
  {
    "id": "94",
    "province_id": "6",
    "name": "Tuban"
  },
  {
    "id": "95",
    "province_id": "6",
    "name": "Kota Madiun"
  },
  {
    "id": "96",
    "province_id": "6",
    "name": "Kota Batu"
  },
  {
    "id": "97",
    "province_id": "6",
    "name": "Kota Blitar"
  },
  {
    "id": "98",
    "province_id": "6",
    "name": "Kota Probolinggo"
  },
  {
    "id": "99",
    "province_id": "6",
    "name": "Kota Malang"
  },
  {
    "id": "100",
    "province_id": "4",
    "name": "Blora"
  },
  {
    "id": "101",
    "province_id": "4",
    "name": "Sukoharjo"
  },
  {
    "id": "102",
    "province_id": "4",
    "name": "Karanganyar"
  },
  {
    "id": "103",
    "province_id": "4",
    "name": "Sragen"
  },
  {
    "id": "104",
    "province_id": "4",
    "name": "Wonogiri"
  },
  {
    "id": "105",
    "province_id": "4",
    "name": "Pati"
  },
  {
    "id": "106",
    "province_id": "4",
    "name": "Kota Surakarta"
  },
  {
    "id": "107",
    "province_id": "7",
    "name": "Pangkajene Kepulauan"
  },
  {
    "id": "108",
    "province_id": "8",
    "name": "Kepulauan Mentawai"
  },
  {
    "id": "109",
    "province_id": "9",
    "name": "Sarolangun"
  },
  {
    "id": "110",
    "province_id": "9",
    "name": "Merangin"
  },
  {
    "id": "111",
    "province_id": "10",
    "name": "Way Kanan"
  },
  {
    "id": "112",
    "province_id": "10",
    "name": "Kota Bandar Lampung"
  },
  {
    "id": "113",
    "province_id": "10",
    "name": "Pesisir Barat"
  },
  {
    "id": "114",
    "province_id": "10",
    "name": "Lampung Barat"
  },
  {
    "id": "115",
    "province_id": "10",
    "name": "Tanggamus"
  },
  {
    "id": "116",
    "province_id": "10",
    "name": "Mesuji"
  },
  {
    "id": "117",
    "province_id": "10",
    "name": "Kota Metro"
  },
  {
    "id": "118",
    "province_id": "10",
    "name": "Lampung Selatan"
  },
  {
    "id": "119",
    "province_id": "10",
    "name": "Lampung Tengah"
  },
  {
    "id": "120",
    "province_id": "10",
    "name": "Lampung Utara"
  },
  {
    "id": "121",
    "province_id": "10",
    "name": "Pesawaran"
  },
  {
    "id": "122",
    "province_id": "10",
    "name": "Tulang Bawang"
  },
  {
    "id": "123",
    "province_id": "10",
    "name": "Lampung Timur"
  },
  {
    "id": "124",
    "province_id": "10",
    "name": "Tulang Bawang Barat"
  },
  {
    "id": "125",
    "province_id": "10",
    "name": "Pringsewu"
  },
  {
    "id": "126",
    "province_id": "11",
    "name": "Kota Palembang"
  },
  {
    "id": "127",
    "province_id": "11",
    "name": "Lahat"
  },
  {
    "id": "128",
    "province_id": "11",
    "name": "Ogan Komering Ilir"
  },
  {
    "id": "129",
    "province_id": "11",
    "name": "Ogan Komering Ulu Timur"
  },
  {
    "id": "130",
    "province_id": "11",
    "name": "Kota Pagar Alam"
  },
  {
    "id": "131",
    "province_id": "11",
    "name": "Ogan Komering Ulu Selatan"
  },
  {
    "id": "132",
    "province_id": "11",
    "name": "Muara Enim"
  },
  {
    "id": "133",
    "province_id": "11",
    "name": "Musi Banyuasin"
  },
  {
    "id": "134",
    "province_id": "11",
    "name": "Banyuasin"
  },
  {
    "id": "135",
    "province_id": "11",
    "name": "Musi Rawas"
  },
  {
    "id": "136",
    "province_id": "11",
    "name": "Musi Rawas Utara"
  },
  {
    "id": "137",
    "province_id": "11",
    "name": "Ogan Komering Ulu"
  },
  {
    "id": "138",
    "province_id": "11",
    "name": "Penukal Abab Lematang Ilir"
  },
  {
    "id": "139",
    "province_id": "11",
    "name": "Empat Lawang"
  },
  {
    "id": "140",
    "province_id": "11",
    "name": "Kota Lubuk Linggau"
  },
  {
    "id": "141",
    "province_id": "11",
    "name": "Kota Prabumulih"
  },
  {
    "id": "142",
    "province_id": "11",
    "name": "Ogan Ilir"
  },
  {
    "id": "143",
    "province_id": "12",
    "name": "Muko Muko"
  },
  {
    "id": "144",
    "province_id": "12",
    "name": "Rejang Lebong"
  },
  {
    "id": "145",
    "province_id": "12",
    "name": "Kepahiang"
  },
  {
    "id": "146",
    "province_id": "12",
    "name": "Bengkulu Selatan"
  },
  {
    "id": "147",
    "province_id": "12",
    "name": "Bengkulu Utara"
  },
  {
    "id": "148",
    "province_id": "12",
    "name": "Kaur"
  },
  {
    "id": "149",
    "province_id": "12",
    "name": "Bengkulu Tengah"
  },
  {
    "id": "150",
    "province_id": "12",
    "name": "Seluma"
  },
  {
    "id": "151",
    "province_id": "12",
    "name": "Kota Bengkulu"
  },
  {
    "id": "152",
    "province_id": "12",
    "name": "Lebong"
  },
  {
    "id": "153",
    "province_id": "13",
    "name": "Pandeglang"
  },
  {
    "id": "154",
    "province_id": "13",
    "name": "Serang"
  },
  {
    "id": "155",
    "province_id": "13",
    "name": "Lebak"
  },
  {
    "id": "156",
    "province_id": "14",
    "name": "Belitung"
  },
  {
    "id": "157",
    "province_id": "14",
    "name": "Belitung Timur"
  },
  {
    "id": "158",
    "province_id": "14",
    "name": "Bangka Selatan"
  },
  {
    "id": "159",
    "province_id": "14",
    "name": "Bangka Tengah"
  },
  {
    "id": "160",
    "province_id": "13",
    "name": "Tangerang"
  },
  {
    "id": "161",
    "province_id": "13",
    "name": "Kota Tangerang Selatan"
  },
  {
    "id": "162",
    "province_id": "13",
    "name": "Kota Cilegon"
  },
  {
    "id": "163",
    "province_id": "13",
    "name": "Kota Serang"
  },
  {
    "id": "164",
    "province_id": "1",
    "name": "Indramayu"
  },
  {
    "id": "165",
    "province_id": "1",
    "name": "Cirebon"
  },
  {
    "id": "166",
    "province_id": "1",
    "name": "Kota Cirebon"
  },
  {
    "id": "167",
    "province_id": "1",
    "name": "Kota Depok"
  },
  {
    "id": "168",
    "province_id": "1",
    "name": "Karawang"
  },
  {
    "id": "169",
    "province_id": "1",
    "name": "Purwakarta"
  },
  {
    "id": "170",
    "province_id": "1",
    "name": "Bogor"
  },
  {
    "id": "171",
    "province_id": "1",
    "name": "Kota Cimahi"
  },
  {
    "id": "172",
    "province_id": "1",
    "name": "Kota Bekasi"
  },
  {
    "id": "173",
    "province_id": "1",
    "name": "Kota Bogor"
  },
  {
    "id": "174",
    "province_id": "1",
    "name": "Subang"
  },
  {
    "id": "175",
    "province_id": "1",
    "name": "Bekasi"
  },
  {
    "id": "176",
    "province_id": "15",
    "name": "Kota Administrasi Jakarta Utara"
  },
  {
    "id": "177",
    "province_id": "15",
    "name": "Kota Administrasi Jakarta Barat"
  },
  {
    "id": "178",
    "province_id": "15",
    "name": "Kota Administrasi Jakarta Timur"
  },
  {
    "id": "179",
    "province_id": "15",
    "name": "Kota Administrasi Jakarta Selatan"
  },
  {
    "id": "180",
    "province_id": "15",
    "name": "Kota Administrasi Jakarta Pusat"
  },
  {
    "id": "181",
    "province_id": "15",
    "name": "Administrasi Kepulauan Seribu"
  },
  {
    "id": "182",
    "province_id": "4",
    "name": "Kudus"
  },
  {
    "id": "183",
    "province_id": "4",
    "name": "Rembang"
  },
  {
    "id": "184",
    "province_id": "4",
    "name": "Jepara"
  },
  {
    "id": "185",
    "province_id": "4",
    "name": "Kota Pekalongan"
  },
  {
    "id": "186",
    "province_id": "16",
    "name": "Tapin"
  },
  {
    "id": "187",
    "province_id": "16",
    "name": "Banjar"
  },
  {
    "id": "188",
    "province_id": "16",
    "name": "Hulu Sungai Tengah"
  },
  {
    "id": "189",
    "province_id": "17",
    "name": "Ketapang"
  },
  {
    "id": "190",
    "province_id": "16",
    "name": "Tanah Bumbu"
  },
  {
    "id": "191",
    "province_id": "16",
    "name": "Kota Banjarmasin"
  },
  {
    "id": "192",
    "province_id": "16",
    "name": "Kotabaru"
  },
  {
    "id": "193",
    "province_id": "16",
    "name": "Tanah Laut"
  },
  {
    "id": "194",
    "province_id": "16",
    "name": "Hulu Sungai Selatan"
  },
  {
    "id": "195",
    "province_id": "16",
    "name": "Hulu Sungai Utara"
  },
  {
    "id": "196",
    "province_id": "16",
    "name": "Barito Kuala"
  },
  {
    "id": "197",
    "province_id": "18",
    "name": "Kapuas"
  },
  {
    "id": "198",
    "province_id": "18",
    "name": "Pulang Pisau"
  },
  {
    "id": "199",
    "province_id": "18",
    "name": "Kotawaringin Timur"
  },
  {
    "id": "200",
    "province_id": "18",
    "name": "Kotawaringin Barat"
  },
  {
    "id": "201",
    "province_id": "18",
    "name": "Seruyan"
  },
  {
    "id": "202",
    "province_id": "18",
    "name": "Katingan"
  },
  {
    "id": "203",
    "province_id": "16",
    "name": "Kota Banjarbaru"
  },
  {
    "id": "204",
    "province_id": "16",
    "name": "Balangan"
  },
  {
    "id": "205",
    "province_id": "18",
    "name": "Sukamara"
  },
  {
    "id": "206",
    "province_id": "4",
    "name": "Kota Tegal"
  },
  {
    "id": "229",
    "province_id": "18",
    "name": "Barito Selatan"
  },
  {
    "id": "230",
    "province_id": "20",
    "name": "Maluku Barat Daya"
  },
  {
    "id": "231",
    "province_id": "3",
    "name": "Kota Bima"
  },
  {
    "id": "232",
    "province_id": "7",
    "name": "Pinrang"
  },
  {
    "id": "233",
    "province_id": "7",
    "name": "Wajo"
  },
  {
    "id": "234",
    "province_id": "7",
    "name": "Takalar"
  },
  {
    "id": "235",
    "province_id": "7",
    "name": "Sinjai"
  },
  {
    "id": "236",
    "province_id": "7",
    "name": "Kepulauan Selayar"
  },
  {
    "id": "237",
    "province_id": "7",
    "name": "Jeneponto"
  },
  {
    "id": "238",
    "province_id": "7",
    "name": "Gowa"
  },
  {
    "id": "239",
    "province_id": "7",
    "name": "Soppeng"
  },
  {
    "id": "240",
    "province_id": "7",
    "name": "Enrekang"
  },
  {
    "id": "241",
    "province_id": "7",
    "name": "Bulukumba"
  },
  {
    "id": "242",
    "province_id": "7",
    "name": "Luwu"
  },
  {
    "id": "243",
    "province_id": "7",
    "name": "Bantaeng"
  },
  {
    "id": "244",
    "province_id": "7",
    "name": "Maros"
  },
  {
    "id": "245",
    "province_id": "7",
    "name": "Luwu Timur"
  },
  {
    "id": "246",
    "province_id": "7",
    "name": "Luwu Utara"
  },
  {
    "id": "247",
    "province_id": "7",
    "name": "Tana Toraja"
  },
  {
    "id": "248",
    "province_id": "7",
    "name": "Barru"
  },
  {
    "id": "249",
    "province_id": "7",
    "name": "Sidenreng Rappang"
  },
  {
    "id": "250",
    "province_id": "7",
    "name": "Kota Makassar"
  },
  {
    "id": "251",
    "province_id": "7",
    "name": "Kota Pare Pare"
  },
  {
    "id": "252",
    "province_id": "7",
    "name": "Kota Palopo"
  },
  {
    "id": "253",
    "province_id": "20",
    "name": "Kepulauan Tanimbar"
  },
  {
    "id": "254",
    "province_id": "21",
    "name": "Merauke"
  },
  {
    "id": "255",
    "province_id": "21",
    "name": "Mappi"
  },
  {
    "id": "256",
    "province_id": "20",
    "name": "Seram Bagian Barat"
  },
  {
    "id": "257",
    "province_id": "20",
    "name": "Maluku Tengah"
  },
  {
    "id": "258",
    "province_id": "20",
    "name": "Seram Bagian Timur"
  },
  {
    "id": "259",
    "province_id": "20",
    "name": "Buru"
  },
  {
    "id": "260",
    "province_id": "20",
    "name": "Buru Selatan"
  },
  {
    "id": "261",
    "province_id": "20",
    "name": "Kota Ambon"
  },
  {
    "id": "266",
    "province_id": "21",
    "name": "Asmat"
  },
  {
    "id": "267",
    "province_id": "23",
    "name": "Mimika"
  },
  {
    "id": "268",
    "province_id": "24",
    "name": "Lanny Jaya"
  },
  {
    "id": "269",
    "province_id": "24",
    "name": "Tolikara"
  },
  {
    "id": "270",
    "province_id": "23",
    "name": "Puncak Jaya"
  },
  {
    "id": "271",
    "province_id": "24",
    "name": "Yalimo"
  },
  {
    "id": "272",
    "province_id": "23",
    "name": "Puncak"
  },
  {
    "id": "273",
    "province_id": "21",
    "name": "Boven Digoel"
  },
  {
    "id": "274",
    "province_id": "25",
    "name": "Teluk Wondama"
  },
  {
    "id": "275",
    "province_id": "24",
    "name": "Yahukimo"
  },
  {
    "id": "276",
    "province_id": "26",
    "name": "Keerom"
  },
  {
    "id": "277",
    "province_id": "23",
    "name": "Paniai"
  },
  {
    "id": "278",
    "province_id": "25",
    "name": "Fak Fak"
  },
  {
    "id": "279",
    "province_id": "24",
    "name": "Jayawijaya"
  },
  {
    "id": "280",
    "province_id": "23",
    "name": "Intan Jaya"
  },
  {
    "id": "281",
    "province_id": "24",
    "name": "Nduga"
  },
  {
    "id": "282",
    "province_id": "26",
    "name": "Kota Jayapura"
  },
  {
    "id": "283",
    "province_id": "24",
    "name": "Pegunungan Bintang"
  },
  {
    "id": "284",
    "province_id": "23",
    "name": "Dogiyai"
  },
  {
    "id": "285",
    "province_id": "23",
    "name": "Nabire"
  },
  {
    "id": "286",
    "province_id": "25",
    "name": "Teluk Bintuni"
  },
  {
    "id": "287",
    "province_id": "24",
    "name": "Mamberamo Tengah"
  },
  {
    "id": "288",
    "province_id": "26",
    "name": "Waropen"
  },
  {
    "id": "289",
    "province_id": "26",
    "name": "Jayapura"
  },
  {
    "id": "290",
    "province_id": "23",
    "name": "Deiyai"
  },
  {
    "id": "291",
    "province_id": "25",
    "name": "Kaimana"
  },
  {
    "id": "292",
    "province_id": "26",
    "name": "Mamberamo Raya"
  },
  {
    "id": "293",
    "province_id": "7",
    "name": "Toraja Utara"
  },
  {
    "id": "294",
    "province_id": "7",
    "name": "Bone"
  },
  {
    "id": "295",
    "province_id": "27",
    "name": "Morowali"
  },
  {
    "id": "296",
    "province_id": "28",
    "name": "Muna Barat"
  },
  {
    "id": "297",
    "province_id": "28",
    "name": "Konawe"
  },
  {
    "id": "298",
    "province_id": "28",
    "name": "Konawe Selatan"
  },
  {
    "id": "299",
    "province_id": "28",
    "name": "Konawe Utara"
  },
  {
    "id": "300",
    "province_id": "28",
    "name": "Kolaka Timur"
  },
  {
    "id": "301",
    "province_id": "28",
    "name": "Kolaka Utara"
  },
  {
    "id": "302",
    "province_id": "28",
    "name": "Buton Tengah"
  },
  {
    "id": "303",
    "province_id": "28",
    "name": "Bombana"
  },
  {
    "id": "304",
    "province_id": "28",
    "name": "Kolaka"
  },
  {
    "id": "305",
    "province_id": "28",
    "name": "Wakatobi"
  },
  {
    "id": "306",
    "province_id": "28",
    "name": "Buton"
  },
  {
    "id": "307",
    "province_id": "28",
    "name": "Konawe Kepulauan"
  },
  {
    "id": "308",
    "province_id": "28",
    "name": "Buton Selatan"
  },
  {
    "id": "309",
    "province_id": "28",
    "name": "Muna"
  },
  {
    "id": "310",
    "province_id": "28",
    "name": "Buton Utara"
  },
  {
    "id": "311",
    "province_id": "28",
    "name": "Kota Kendari"
  },
  {
    "id": "312",
    "province_id": "28",
    "name": "Kota Bau Bau"
  },
  {
    "id": "313",
    "province_id": "20",
    "name": "Maluku Tenggara"
  },
  {
    "id": "314",
    "province_id": "20",
    "name": "Kepulauan Aru"
  },
  {
    "id": "315",
    "province_id": "20",
    "name": "Kota Tual"
  },
  {
    "id": "316",
    "province_id": "29",
    "name": "Kota Batam"
  },
  {
    "id": "317",
    "province_id": "9",
    "name": "Kerinci"
  },
  {
    "id": "318",
    "province_id": "9",
    "name": "Tebo"
  },
  {
    "id": "319",
    "province_id": "9",
    "name": "Kota Sungai Penuh"
  },
  {
    "id": "320",
    "province_id": "9",
    "name": "Tanjung Jabung Barat"
  },
  {
    "id": "321",
    "province_id": "9",
    "name": "Muaro Jambi"
  },
  {
    "id": "322",
    "province_id": "9",
    "name": "Bungo"
  },
  {
    "id": "323",
    "province_id": "9",
    "name": "Kota Jambi"
  },
  {
    "id": "324",
    "province_id": "29",
    "name": "Bintan"
  },
  {
    "id": "325",
    "province_id": "29",
    "name": "Karimun"
  },
  {
    "id": "326",
    "province_id": "9",
    "name": "Batanghari"
  },
  {
    "id": "327",
    "province_id": "9",
    "name": "Tanjung Jabung Timur"
  },
  {
    "id": "328",
    "province_id": "29",
    "name": "Lingga"
  },
  {
    "id": "329",
    "province_id": "29",
    "name": "Kota Tanjung Pinang"
  },
  {
    "id": "330",
    "province_id": "8",
    "name": "Solok Selatan"
  },
  {
    "id": "331",
    "province_id": "8",
    "name": "Dharmasraya"
  },
  {
    "id": "332",
    "province_id": "30",
    "name": "Kota Pekanbaru"
  },
  {
    "id": "333",
    "province_id": "8",
    "name": "Pasaman Barat"
  },
  {
    "id": "334",
    "province_id": "8",
    "name": "Pasaman"
  },
  {
    "id": "335",
    "province_id": "8",
    "name": "Sijunjung"
  },
  {
    "id": "336",
    "province_id": "8",
    "name": "Tanah Datar"
  },
  {
    "id": "337",
    "province_id": "8",
    "name": "Solok"
  },
  {
    "id": "338",
    "province_id": "8",
    "name": "Kota Padang"
  },
  {
    "id": "339",
    "province_id": "8",
    "name": "Padang Pariaman"
  },
  {
    "id": "340",
    "province_id": "30",
    "name": "Indragiri Hilir"
  },
  {
    "id": "341",
    "province_id": "30",
    "name": "Kuantan Singingi"
  },
  {
    "id": "342",
    "province_id": "30",
    "name": "Pelalawan"
  },
  {
    "id": "343",
    "province_id": "8",
    "name": "Pesisir Selatan"
  },
  {
    "id": "344",
    "province_id": "30",
    "name": "Rokan Hilir"
  },
  {
    "id": "345",
    "province_id": "30",
    "name": "Bengkalis"
  },
  {
    "id": "346",
    "province_id": "30",
    "name": "Indragiri Hulu"
  },
  {
    "id": "347",
    "province_id": "30",
    "name": "Rokan Hulu"
  },
  {
    "id": "348",
    "province_id": "8",
    "name": "Kota Pariaman"
  },
  {
    "id": "349",
    "province_id": "30",
    "name": "Kampar"
  },
  {
    "id": "350",
    "province_id": "30",
    "name": "Kepulauan Meranti"
  },
  {
    "id": "351",
    "province_id": "8",
    "name": "Lima Puluh Kota"
  },
  {
    "id": "352",
    "province_id": "8",
    "name": "Agam"
  },
  {
    "id": "353",
    "province_id": "8",
    "name": "Kota Solok"
  },
  {
    "id": "354",
    "province_id": "8",
    "name": "Kota Bukittinggi"
  },
  {
    "id": "355",
    "province_id": "8",
    "name": "Kota Sawahlunto"
  },
  {
    "id": "356",
    "province_id": "30",
    "name": "Kota Dumai"
  },
  {
    "id": "357",
    "province_id": "8",
    "name": "Kota Padang Panjang"
  },
  {
    "id": "358",
    "province_id": "8",
    "name": "Kota Payakumbuh"
  },
  {
    "id": "359",
    "province_id": "30",
    "name": "Siak"
  },
  {
    "id": "360",
    "province_id": "31",
    "name": "Nias Selatan"
  },
  {
    "id": "361",
    "province_id": "31",
    "name": "Kota Gunungsitoli"
  },
  {
    "id": "362",
    "province_id": "31",
    "name": "Nias"
  },
  {
    "id": "363",
    "province_id": "31",
    "name": "Nias Barat"
  },
  {
    "id": "364",
    "province_id": "31",
    "name": "Nias Utara"
  },
  {
    "id": "365",
    "province_id": "31",
    "name": "Padang Lawas Utara"
  },
  {
    "id": "366",
    "province_id": "31",
    "name": "Tapanuli Tengah"
  },
  {
    "id": "367",
    "province_id": "31",
    "name": "Padang Lawas"
  },
  {
    "id": "368",
    "province_id": "31",
    "name": "Mandailing Natal"
  },
  {
    "id": "369",
    "province_id": "31",
    "name": "Tapanuli Selatan"
  },
  {
    "id": "370",
    "province_id": "31",
    "name": "Kota Sibolga"
  },
  {
    "id": "371",
    "province_id": "31",
    "name": "Tapanuli Utara"
  },
  {
    "id": "372",
    "province_id": "31",
    "name": "Labuhanbatu Selatan"
  },
  {
    "id": "373",
    "province_id": "31",
    "name": "Kota Padang Sidempuan"
  },
  {
    "id": "374",
    "province_id": "31",
    "name": "Labuhanbatu"
  },
  {
    "id": "375",
    "province_id": "17",
    "name": "Kubu Raya"
  },
  {
    "id": "376",
    "province_id": "17",
    "name": "Sambas"
  },
  {
    "id": "377",
    "province_id": "32",
    "name": "Penajam Paser Utara"
  },
  {
    "id": "378",
    "province_id": "17",
    "name": "Bengkayang"
  },
  {
    "id": "379",
    "province_id": "17",
    "name": "Kota Singkawang"
  },
  {
    "id": "380",
    "province_id": "17",
    "name": "Sekadau"
  },
  {
    "id": "381",
    "province_id": "17",
    "name": "Kapuas Hulu"
  },
  {
    "id": "382",
    "province_id": "17",
    "name": "Sintang"
  },
  {
    "id": "383",
    "province_id": "17",
    "name": "Kota Pontianak"
  },
  {
    "id": "384",
    "province_id": "18",
    "name": "Barito Timur"
  },
  {
    "id": "385",
    "province_id": "17",
    "name": "Landak"
  },
  {
    "id": "386",
    "province_id": "32",
    "name": "Berau"
  },
  {
    "id": "387",
    "province_id": "32",
    "name": "Kota Samarinda"
  },
  {
    "id": "388",
    "province_id": "32",
    "name": "Kutai Kartanegara"
  },
  {
    "id": "389",
    "province_id": "17",
    "name": "Melawi"
  },
  {
    "id": "390",
    "province_id": "32",
    "name": "Kutai Timur"
  },
  {
    "id": "391",
    "province_id": "18",
    "name": "Barito Utara"
  },
  {
    "id": "392",
    "province_id": "32",
    "name": "Kutai Barat"
  },
  {
    "id": "393",
    "province_id": "17",
    "name": "Kayong Utara"
  },
  {
    "id": "394",
    "province_id": "16",
    "name": "Tabalong"
  },
  {
    "id": "395",
    "province_id": "32",
    "name": "Mahakam Ulu"
  },
  {
    "id": "396",
    "province_id": "32",
    "name": "Paser"
  },
  {
    "id": "397",
    "province_id": "17",
    "name": "Sanggau"
  },
  {
    "id": "398",
    "province_id": "17",
    "name": "Mempawah"
  },
  {
    "id": "399",
    "province_id": "18",
    "name": "Lamandau"
  },
  {
    "id": "400",
    "province_id": "32",
    "name": "Kota Balikpapan"
  },
  {
    "id": "401",
    "province_id": "18",
    "name": "Gunung Mas"
  },
  {
    "id": "402",
    "province_id": "18",
    "name": "Murung Raya"
  },
  {
    "id": "403",
    "province_id": "33",
    "name": "Malinau"
  },
  {
    "id": "404",
    "province_id": "18",
    "name": "Kota Palangkaraya"
  },
  {
    "id": "405",
    "province_id": "14",
    "name": "Bangka"
  },
  {
    "id": "406",
    "province_id": "14",
    "name": "Bangka Barat"
  },
  {
    "id": "407",
    "province_id": "14",
    "name": "Kota Pangkal Pinang"
  },
  {
    "id": "408",
    "province_id": "32",
    "name": "Kota Bontang"
  },
  {
    "id": "409",
    "province_id": "31",
    "name": "Karo"
  },
  {
    "id": "410",
    "province_id": "31",
    "name": "Simalungun"
  },
  {
    "id": "411",
    "province_id": "31",
    "name": "Kota Pematangsiantar"
  },
  {
    "id": "412",
    "province_id": "31",
    "name": "Serdang Bedagai"
  },
  {
    "id": "413",
    "province_id": "31",
    "name": "Deli Serdang"
  },
  {
    "id": "414",
    "province_id": "31",
    "name": "Toba"
  },
  {
    "id": "415",
    "province_id": "31",
    "name": "Humbang Hasundutan"
  },
  {
    "id": "416",
    "province_id": "31",
    "name": "Samosir"
  },
  {
    "id": "417",
    "province_id": "31",
    "name": "Langkat"
  },
  {
    "id": "418",
    "province_id": "31",
    "name": "Kota Medan"
  },
  {
    "id": "419",
    "province_id": "31",
    "name": "Kota Binjai"
  },
  {
    "id": "420",
    "province_id": "31",
    "name": "Pakpak Bharat"
  },
  {
    "id": "421",
    "province_id": "31",
    "name": "Asahan"
  },
  {
    "id": "422",
    "province_id": "31",
    "name": "Dairi"
  },
  {
    "id": "423",
    "province_id": "31",
    "name": "Kota Tebing Tinggi"
  },
  {
    "id": "424",
    "province_id": "31",
    "name": "Labuhanbatu Utara"
  },
  {
    "id": "425",
    "province_id": "31",
    "name": "Kota Tanjung Balai"
  },
  {
    "id": "426",
    "province_id": "27",
    "name": "Sigi"
  },
  {
    "id": "427",
    "province_id": "27",
    "name": "Morowali Utara"
  },
  {
    "id": "428",
    "province_id": "27",
    "name": "Tojo Una Una"
  },
  {
    "id": "429",
    "province_id": "27",
    "name": "Parigi Moutong"
  },
  {
    "id": "430",
    "province_id": "27",
    "name": "Toli Toli"
  },
  {
    "id": "431",
    "province_id": "27",
    "name": "Banggai"
  },
  {
    "id": "432",
    "province_id": "27",
    "name": "Banggai Laut"
  },
  {
    "id": "433",
    "province_id": "27",
    "name": "Poso"
  },
  {
    "id": "434",
    "province_id": "27",
    "name": "Donggala"
  },
  {
    "id": "435",
    "province_id": "27",
    "name": "Banggai Kepulauan"
  },
  {
    "id": "436",
    "province_id": "27",
    "name": "Buol"
  },
  {
    "id": "437",
    "province_id": "27",
    "name": "Kota Palu"
  },
  {
    "id": "438",
    "province_id": "34",
    "name": "Bolaang Mongondow"
  },
  {
    "id": "439",
    "province_id": "34",
    "name": "Bolaang Mongondow Selatan"
  },
  {
    "id": "440",
    "province_id": "34",
    "name": "Kepulauan Sangihe"
  },
  {
    "id": "441",
    "province_id": "34",
    "name": "Minahasa Utara"
  },
  {
    "id": "442",
    "province_id": "34",
    "name": "Kepulauan Talaud"
  },
  {
    "id": "443",
    "province_id": "34",
    "name": "Kepulauan Siau Tagulandang Biaro"
  },
  {
    "id": "444",
    "province_id": "34",
    "name": "Kota Manado"
  },
  {
    "id": "445",
    "province_id": "34",
    "name": "Minahasa"
  },
  {
    "id": "446",
    "province_id": "34",
    "name": "Bolaang Mongondow Utara"
  },
  {
    "id": "447",
    "province_id": "34",
    "name": "Minahasa Tenggara"
  },
  {
    "id": "448",
    "province_id": "34",
    "name": "Bolaang Mongondow Timur"
  },
  {
    "id": "449",
    "province_id": "34",
    "name": "Minahasa Selatan"
  },
  {
    "id": "450",
    "province_id": "29",
    "name": "Kepulauan Anambas"
  },
  {
    "id": "451",
    "province_id": "35",
    "name": "Pidie Jaya"
  },
  {
    "id": "452",
    "province_id": "35",
    "name": "Simeulue"
  },
  {
    "id": "453",
    "province_id": "35",
    "name": "Bireuen"
  },
  {
    "id": "454",
    "province_id": "35",
    "name": "Aceh Timur"
  },
  {
    "id": "455",
    "province_id": "35",
    "name": "Aceh Utara"
  },
  {
    "id": "456",
    "province_id": "35",
    "name": "Pidie"
  },
  {
    "id": "457",
    "province_id": "35",
    "name": "Aceh Barat Daya"
  },
  {
    "id": "458",
    "province_id": "35",
    "name": "Gayo Lues"
  },
  {
    "id": "459",
    "province_id": "35",
    "name": "Aceh Selatan"
  },
  {
    "id": "460",
    "province_id": "35",
    "name": "Aceh Tamiang"
  },
  {
    "id": "461",
    "province_id": "35",
    "name": "Aceh Besar"
  },
  {
    "id": "462",
    "province_id": "35",
    "name": "Aceh Tenggara"
  },
  {
    "id": "463",
    "province_id": "35",
    "name": "Bener Meriah"
  },
  {
    "id": "464",
    "province_id": "35",
    "name": "Aceh Jaya"
  },
  {
    "id": "465",
    "province_id": "35",
    "name": "Kota Lhokseumawe"
  },
  {
    "id": "466",
    "province_id": "35",
    "name": "Aceh Barat"
  },
  {
    "id": "467",
    "province_id": "35",
    "name": "Nagan Raya"
  },
  {
    "id": "468",
    "province_id": "35",
    "name": "Kota Langsa"
  },
  {
    "id": "469",
    "province_id": "35",
    "name": "Kota Banda Aceh"
  },
  {
    "id": "470",
    "province_id": "35",
    "name": "Aceh Singkil"
  },
  {
    "id": "471",
    "province_id": "35",
    "name": "Kota Sabang"
  },
  {
    "id": "472",
    "province_id": "35",
    "name": "Aceh Tengah"
  },
  {
    "id": "473",
    "province_id": "35",
    "name": "Kota Subulussalam"
  },
  {
    "id": "474",
    "province_id": "29",
    "name": "Natuna"
  },
  {
    "id": "475",
    "province_id": "33",
    "name": "Nunukan"
  },
  {
    "id": "476",
    "province_id": "33",
    "name": "Bulungan"
  },
  {
    "id": "477",
    "province_id": "33",
    "name": "Tana Tidung"
  },
  {
    "id": "478",
    "province_id": "33",
    "name": "Kota Tarakan"
  },
  {
    "id": "479",
    "province_id": "34",
    "name": "Kota Tomohon"
  },
  {
    "id": "480",
    "province_id": "34",
    "name": "Kota Kotamobagu"
  },
  {
    "id": "481",
    "province_id": "34",
    "name": "Kota Bitung"
  },
  {
    "id": "482",
    "province_id": "36",
    "name": "Halmahera Barat"
  },
  {
    "id": "483",
    "province_id": "36",
    "name": "Pulau Morotai"
  },
  {
    "id": "484",
    "province_id": "36",
    "name": "Pulau Taliabu"
  },
  {
    "id": "485",
    "province_id": "36",
    "name": "Halmahera Selatan"
  },
  {
    "id": "486",
    "province_id": "36",
    "name": "Halmahera Tengah"
  },
  {
    "id": "487",
    "province_id": "36",
    "name": "Halmahera Timur"
  },
  {
    "id": "488",
    "province_id": "36",
    "name": "Kota Tidore Kepulauan"
  },
  {
    "id": "489",
    "province_id": "36",
    "name": "Halmahera Utara"
  },
  {
    "id": "490",
    "province_id": "36",
    "name": "Kepulauan Sula"
  },
  {
    "id": "491",
    "province_id": "37",
    "name": "Raja Ampat"
  },
  {
    "id": "492",
    "province_id": "36",
    "name": "Kota Ternate"
  },
  {
    "id": "493",
    "province_id": "26",
    "name": "Sarmi"
  },
  {
    "id": "494",
    "province_id": "13",
    "name": "Kota Tangerang"
  },
  {
    "id": "495",
    "province_id": "31",
    "name": "Batu Bara"
  },
  {
    "id": "496",
    "province_id": "25",
    "name": "Manokwari Selatan"
  },
  {
    "id": "497",
    "province_id": "25",
    "name": "Manokwari"
  },
  {
    "id": "498",
    "province_id": "26",
    "name": "Biak Numfor"
  },
  {
    "id": "499",
    "province_id": "26",
    "name": "Kepulauan Yapen"
  },
  {
    "id": "500",
    "province_id": "37",
    "name": "Maybrat"
  },
  {
    "id": "501",
    "province_id": "37",
    "name": "Sorong Selatan"
  },
  {
    "id": "502",
    "province_id": "25",
    "name": "Pegunungan Arfak"
  },
  {
    "id": "503",
    "province_id": "37",
    "name": "Tambrauw"
  },
  {
    "id": "504",
    "province_id": "37",
    "name": "Sorong"
  },
  {
    "id": "505",
    "province_id": "26",
    "name": "Supiori"
  },
  {
    "id": "506",
    "province_id": "37",
    "name": "Kota Sorong"
  },
  {
    "id": "507",
    "province_id": "38",
    "name": "Bone Bolango"
  },
  {
    "id": "508",
    "province_id": "38",
    "name": "Gorontalo Utara"
  },
  {
    "id": "509",
    "province_id": "38",
    "name": "Gorontalo"
  },
  {
    "id": "510",
    "province_id": "38",
    "name": "Boalemo"
  },
  {
    "id": "511",
    "province_id": "38",
    "name": "Pohuwato"
  },
  {
    "id": "512",
    "province_id": "38",
    "name": "Kota Gorontalo"
  }
]